task_id,mineru_task_id,filename,status,stage,created_at,completed_at,generated_at,pdf_page_count,schema_version,report_kind,report_year,submit_config,source_files,result_dir,document_full_path,markdown_path,complete_markdown_path,markdown_chars,markdown_line_count,financial_overall_status,quality_summary,financial_summary,resources_summary,raw_task,raw_json_hash,raw_json_size_bytes,imported_at,updated_at,company_id,filing_id,parse_run_id
00113ac5-d12a-402a-b709-a2db02eea12c,,茂硕电源：2025年年度报告.pdf,,,,,2026-05-09 06:09:04+00,,1,annual_report,2025,{},"{""pdf"": null, ""markdown"": {""url"": ""/api/artifact/00113ac5-d12a-402a-b709-a2db02eea12c/result.md"", ""kind"": ""markdown"", ""path"": ""/home/maoyd/pdf2md_web/results/00113ac5-d12a-402a-b709-a2db02eea12c/result.md"", ""mtime"": ""2026-05-08T21:48:54.090893+00:00"", ""exists"": true, ""size_bytes"": 705536}, ""complete_markdown"": {""url"": ""/api/artifact/00113ac5-d12a-402a-b709-a2db02eea12c/result_complete.md"", ""kind"": ""markdown"", ""path"": ""/home/maoyd/pdf2md_web/results/00113ac5-d12a-402a-b709-a2db02eea12c/result_complete.md"", ""mtime"": ""2026-05-09T06:09:03.877800+00:00"", ""exists"": true, ""size_bytes"": 742063}}",/home/maoyd/pdf2md_web_backup_20260511_000657测试样本/results/00113ac5-d12a-402a-b709-a2db02eea12c,/home/maoyd/pdf2md_web/results/00113ac5-d12a-402a-b709-a2db02eea12c/document_full.json,/home/maoyd/pdf2md_web/results/00113ac5-d12a-402a-b709-a2db02eea12c/result.md,/home/maoyd/pdf2md_web/results/00113ac5-d12a-402a-b709-a2db02eea12c/result_complete.md,417203,6124,pass,"{""warnings"": [""单行/空壳表格比例偏高，建议用中间 JSON 和页面截图复核表格漏识别。"", ""发现 30 张可疑表样本，建议在前端“优先复核表”中逐项打开可视化溯源。""], ""table_count"": 417, ""found_sections"": [""重要提示"", ""公司简介"", ""主要财务指标"", ""管理层讨论与分析"", ""公司治理"", ""重要事项"", ""股份变动"", ""财务报告""], ""image_ref_count"": 1, ""empty_cell_count"": 4849, ""fact_table_count"": 396, ""missing_sections"": [], ""dimension_table_count"": 21, ""found_financial_tables"": [""主要会计数据"", ""主要财务指标"", ""非经常性损益"", ""资产负债表"", ""利润表"", ""现金流量表"", ""所有者权益变动表""], ""single_row_table_count"": 98}","{""fail"": 0, ""pass"": 58, ""total"": 62, ""skipped"": 3, ""warning"": 1}","{""images"": {""count"": 509, ""total_size_bytes"": 38237106}, ""pdf_pages"": {""total_size_bytes"": 0, ""rendered_page_count"": 0}}","{""stage"": null, ""status"": null, ""task_id"": ""00113ac5-d12a-402a-b709-a2db02eea12c"", ""filename"": ""茂硕电源：2025年年度报告.pdf"", ""created_at"": null, ""completed_at"": null, ""submit_config"": {}, ""mineru_task_id"": null, ""pdf_page_count"": null}",d06c6587db96192f5c081f501d55990aae350f518f122353b026663dc32bdef5,14544246,2026-05-14 15:13:23.848125+00,2026-05-16 03:50:36.522022+00,co_34ff14fd5e430be6a320a6d1,filing_89fbfc92dec9f29c2fffc540,run_7df928131a61a5d166035d08
0f6bcacd-b4c5-44dc-975c-28728e40eb8d,,卧龙电驱：卧龙电驱2025年年度报告.pdf,,,,,2026-05-09 06:09:57+00,,1,annual_report,2025,{},"{""pdf"": null, ""markdown"": {""url"": ""/api/artifact/0f6bcacd-b4c5-44dc-975c-28728e40eb8d/result.md"", ""kind"": ""markdown"", ""path"": ""/home/maoyd/pdf2md_web/results/0f6bcacd-b4c5-44dc-975c-28728e40eb8d/result.md"", ""mtime"": ""2026-05-07T11:51:25.375741+00:00"", ""exists"": true, ""size_bytes"": 605976}, ""complete_markdown"": {""url"": ""/api/artifact/0f6bcacd-b4c5-44dc-975c-28728e40eb8d/result_complete.md"", ""kind"": ""markdown"", ""path"": ""/home/maoyd/pdf2md_web/results/0f6bcacd-b4c5-44dc-975c-28728e40eb8d/result_complete.md"", ""mtime"": ""2026-05-09T06:09:57.459007+00:00"", ""exists"": true, ""size_bytes"": 639309}}",/home/maoyd/pdf2md_web_backup_20260511_000657测试样本/results/0f6bcacd-b4c5-44dc-975c-28728e40eb8d,/home/maoyd/pdf2md_web/results/0f6bcacd-b4c5-44dc-975c-28728e40eb8d/document_full.json,/home/maoyd/pdf2md_web/results/0f6bcacd-b4c5-44dc-975c-28728e40eb8d/result.md,/home/maoyd/pdf2md_web/results/0f6bcacd-b4c5-44dc-975c-28728e40eb8d/result_complete.md,364150,6678,pass,"{""warnings"": [""发现 9 张可疑表样本，建议在前端“优先复核表”中逐项打开可视化溯源。""], ""table_count"": 247, ""found_sections"": [""重要提示"", ""公司简介"", ""主要财务指标"", ""管理层讨论与分析"", ""公司治理"", ""重要事项"", ""股份变动"", ""财务报告""], ""image_ref_count"": 2, ""empty_cell_count"": 678, ""fact_table_count"": 236, ""missing_sections"": [], ""dimension_table_count"": 11, ""found_financial_tables"": [""主要会计数据"", ""主要财务指标"", ""非经常性损益"", ""资产负债表"", ""利润表"", ""现金流量表"", ""所有者权益变动表""], ""single_row_table_count"": 0}","{""fail"": 0, ""pass"": 59, ""total"": 62, ""skipped"": 2, ""warning"": 1}","{""images"": {""count"": 295, ""total_size_bytes"": 37091361}, ""pdf_pages"": {""total_size_bytes"": 0, ""rendered_page_count"": 0}}","{""stage"": null, ""status"": null, ""task_id"": ""0f6bcacd-b4c5-44dc-975c-28728e40eb8d"", ""filename"": ""卧龙电驱：卧龙电驱2025年年度报告.pdf"", ""created_at"": null, ""completed_at"": null, ""submit_config"": {}, ""mineru_task_id"": null, ""pdf_page_count"": null}",589836c805376f026cebe20e8658193935a576c7336b9085f5bdc7200039c81a,14255264,2026-05-16 03:50:41.995948+00,2026-05-16 03:50:41.995948+00,co_3885f5fda9feb2bc5d5ca667,filing_8795dd4f5204454fd7083e73,run_b7d6515408aeb04b80a6ed82
1a8c3ca8-3b04-4556-9c7b-7fd4d9c4101f,,新华保险：新华保险2025年年度报告.pdf,,,,,2026-05-09 06:10:27+00,,1,annual_report,2025,{},"{""pdf"": null, ""markdown"": {""url"": ""/api/artifact/1a8c3ca8-3b04-4556-9c7b-7fd4d9c4101f/result.md"", ""kind"": ""markdown"", ""path"": ""/home/maoyd/pdf2md_web/results/1a8c3ca8-3b04-4556-9c7b-7fd4d9c4101f/result.md"", ""mtime"": ""2026-05-08T04:19:16.095884+00:00"", ""exists"": true, ""size_bytes"": 1145670}, ""complete_markdown"": {""url"": ""/api/artifact/1a8c3ca8-3b04-4556-9c7b-7fd4d9c4101f/result_complete.md"", ""kind"": ""markdown"", ""path"": ""/home/maoyd/pdf2md_web/results/1a8c3ca8-3b04-4556-9c7b-7fd4d9c4101f/result_complete.md"", ""mtime"": ""2026-05-09T06:10:27.300227+00:00"", ""exists"": true, ""size_bytes"": 1207861}}",/home/maoyd/pdf2md_web_backup_20260511_000657测试样本/results/1a8c3ca8-3b04-4556-9c7b-7fd4d9c4101f,/home/maoyd/pdf2md_web/results/1a8c3ca8-3b04-4556-9c7b-7fd4d9c4101f/document_full.json,/home/maoyd/pdf2md_web/results/1a8c3ca8-3b04-4556-9c7b-7fd4d9c4101f/result.md,/home/maoyd/pdf2md_web/results/1a8c3ca8-3b04-4556-9c7b-7fd4d9c4101f/result_complete.md,637045,9718,pass,"{""warnings"": [""发现 5 张可疑表样本，建议在前端“优先复核表”中逐项打开可视化溯源。""], ""table_count"": 396, ""found_sections"": [""重要提示"", ""主要财务指标"", ""管理层讨论与分析"", ""公司治理"", ""重要事项"", ""股份变动"", ""财务报告""], ""image_ref_count"": 95, ""empty_cell_count"": 2129, ""fact_table_count"": 391, ""missing_sections"": [""公司简介""], ""dimension_table_count"": 5, ""found_financial_tables"": [""主要会计数据"", ""主要财务指标"", ""非经常性损益"", ""资产负债表"", ""利润表"", ""现金流量表"", ""所有者权益变动表""], ""single_row_table_count"": 0}","{""fail"": 0, ""pass"": 28, ""total"": 62, ""skipped"": 33, ""warning"": 1}","{""images"": {""count"": 301, ""total_size_bytes"": 22173576}, ""pdf_pages"": {""total_size_bytes"": 0, ""rendered_page_count"": 0}}","{""stage"": null, ""status"": null, ""task_id"": ""1a8c3ca8-3b04-4556-9c7b-7fd4d9c4101f"", ""filename"": ""新华保险：新华保险2025年年度报告.pdf"", ""created_at"": null, ""completed_at"": null, ""submit_config"": {}, ""mineru_task_id"": null, ""pdf_page_count"": null}",c39931ae939e2be997408567208fec607c77deb70567ef267c27564f86799f60,12927951,2026-05-16 03:50:45.088193+00,2026-05-16 03:50:45.088193+00,co_6fa84e55d8f29a4c1a340c2d,filing_35df7e004765d658a27f5af3,run_50ff810584f564e7c98fa191
1bfff2c9-bbbe-47fb-a5d5-a0252392a742,,瑞丰银行：浙江绍兴瑞丰农村商业银行股份有限公司2025年年度报告.pdf,,,,,2026-05-09 06:10:32+00,,1,annual_report,2025,{},"{""pdf"": null, ""markdown"": {""url"": ""/api/artifact/1bfff2c9-bbbe-47fb-a5d5-a0252392a742/result.md"", ""kind"": ""markdown"", ""path"": ""/home/maoyd/pdf2md_web/results/1bfff2c9-bbbe-47fb-a5d5-a0252392a742/result.md"", ""mtime"": ""2026-05-07T10:59:57.716365+00:00"", ""exists"": true, ""size_bytes"": 1282975}, ""complete_markdown"": {""url"": ""/api/artifact/1bfff2c9-bbbe-47fb-a5d5-a0252392a742/result_complete.md"", ""kind"": ""markdown"", ""path"": ""/home/maoyd/pdf2md_web/results/1bfff2c9-bbbe-47fb-a5d5-a0252392a742/result_complete.md"", ""mtime"": ""2026-05-09T06:10:32.399343+00:00"", ""exists"": true, ""size_bytes"": 1327741}}",/home/maoyd/pdf2md_web_backup_20260511_000657测试样本/results/1bfff2c9-bbbe-47fb-a5d5-a0252392a742,/home/maoyd/pdf2md_web/results/1bfff2c9-bbbe-47fb-a5d5-a0252392a742/document_full.json,/home/maoyd/pdf2md_web/results/1bfff2c9-bbbe-47fb-a5d5-a0252392a742/result.md,/home/maoyd/pdf2md_web/results/1bfff2c9-bbbe-47fb-a5d5-a0252392a742/result_complete.md,720341,7353,pass,"{""warnings"": [""发现 7 张可疑表样本，建议在前端“优先复核表”中逐项打开可视化溯源。""], ""table_count"": 504, ""found_sections"": [""重要提示"", ""公司简介"", ""主要财务指标"", ""管理层讨论与分析"", ""公司治理"", ""重要事项"", ""股份变动"", ""财务报告""], ""image_ref_count"": 17, ""empty_cell_count"": 2548, ""fact_table_count"": 490, ""missing_sections"": [], ""dimension_table_count"": 14, ""found_financial_tables"": [""主要会计数据"", ""主要财务指标"", ""非经常性损益"", ""资产负债表"", ""利润表"", ""现金流量表"", ""所有者权益变动表""], ""single_row_table_count"": 0}","{""fail"": 0, ""pass"": 34, ""total"": 61, ""skipped"": 26, ""warning"": 1}","{""images"": {""count"": 303, ""total_size_bytes"": 30806143}, ""pdf_pages"": {""total_size_bytes"": 1301634, ""rendered_page_count"": 4}}","{""stage"": null, ""status"": null, ""task_id"": ""1bfff2c9-bbbe-47fb-a5d5-a0252392a742"", ""filename"": ""瑞丰银行：浙江绍兴瑞丰农村商业银行股份有限公司2025年年度报告.pdf"", ""created_at"": null, ""completed_at"": null, ""submit_config"": {}, ""mineru_task_id"": null, ""pdf_page_count"": null}",284febda9af4d0425ea1313550ce0b1fd1ba3e3d8382005d3d1e98e9d287b005,14514425,2026-05-16 03:50:45.370229+00,2026-05-16 03:50:45.370229+00,co_70a76d7dd085f769a7f97dc9,filing_4c0f273a4c7c61597deff346,run_0df868b5693cbe258108f3ec
22ec7e69-31c4-487e-a8c9-0de4f0b43d6b,,新华保险：新华保险2025年年度报告.pdf,,,,,2026-05-09 06:10:48+00,,1,annual_report,2025,{},"{""pdf"": null, ""markdown"": {""url"": ""/api/artifact/22ec7e69-31c4-487e-a8c9-0de4f0b43d6b/result.md"", ""kind"": ""markdown"", ""path"": ""/home/maoyd/pdf2md_web/results/22ec7e69-31c4-487e-a8c9-0de4f0b43d6b/result.md"", ""mtime"": ""2026-05-09T03:39:17.287858+00:00"", ""exists"": true, ""size_bytes"": 1146353}, ""complete_markdown"": {""url"": ""/api/artifact/22ec7e69-31c4-487e-a8c9-0de4f0b43d6b/result_complete.md"", ""kind"": ""markdown"", ""path"": ""/home/maoyd/pdf2md_web/results/22ec7e69-31c4-487e-a8c9-0de4f0b43d6b/result_complete.md"", ""mtime"": ""2026-05-09T06:10:48.355937+00:00"", ""exists"": true, ""size_bytes"": 1208276}}",/home/maoyd/pdf2md_web_backup_20260511_000657测试样本/results/22ec7e69-31c4-487e-a8c9-0de4f0b43d6b,/home/maoyd/pdf2md_web/results/22ec7e69-31c4-487e-a8c9-0de4f0b43d6b/document_full.json,/home/maoyd/pdf2md_web/results/22ec7e69-31c4-487e-a8c9-0de4f0b43d6b/result.md,/home/maoyd/pdf2md_web/results/22ec7e69-31c4-487e-a8c9-0de4f0b43d6b/result_complete.md,637500,9727,pass,"{""warnings"": [""发现 5 张可疑表样本，建议在前端“优先复核表”中逐项打开可视化溯源。""], ""table_count"": 396, ""found_sections"": [""重要提示"", ""主要财务指标"", ""管理层讨论与分析"", ""公司治理"", ""重要事项"", ""股份变动"", ""财务报告""], ""image_ref_count"": 95, ""empty_cell_count"": 2147, ""fact_table_count"": 391, ""missing_sections"": [""公司简介""], ""dimension_table_count"": 5, ""found_financial_tables"": [""主要会计数据"", ""主要财务指标"", ""非经常性损益"", ""资产负债表"", ""利润表"", ""现金流量表"", ""所有者权益变动表""], ""single_row_table_count"": 0}","{""fail"": 0, ""pass"": 28, ""total"": 62, ""skipped"": 33, ""warning"": 1}","{""images"": {""count"": 301, ""total_size_bytes"": 22168268}, ""pdf_pages"": {""total_size_bytes"": 8645001, ""rendered_page_count"": 11}}","{""stage"": null, ""status"": null, ""task_id"": ""22ec7e69-31c4-487e-a8c9-0de4f0b43d6b"", ""filename"": ""新华保险：新华保险2025年年度报告.pdf"", ""created_at"": null, ""completed_at"": null, ""submit_config"": {}, ""mineru_task_id"": null, ""pdf_page_count"": null}",0a56bed8ee8c93731258825c8368b439ca6a57954f141a397291733217caced4,12935060,2026-05-16 03:50:47.273018+00,2026-05-16 03:50:47.273018+00,co_6fa84e55d8f29a4c1a340c2d,filing_35df7e004765d658a27f5af3,run_5afeb6676458a400f1a62078
571baa26-c2e7-4647-8810-ea73e715920a,,赣粤高速：赣粤高速2025年年度报告.pdf,,,,,2026-05-09 06:12:34+00,,1,annual_report,2025,{},"{""pdf"": null, ""markdown"": {""url"": ""/api/artifact/571baa26-c2e7-4647-8810-ea73e715920a/result.md"", ""kind"": ""markdown"", ""path"": ""/home/maoyd/pdf2md_web/results/571baa26-c2e7-4647-8810-ea73e715920a/result.md"", ""mtime"": ""2026-05-08T15:44:17.307875+00:00"", ""exists"": true, ""size_bytes"": 605082}, ""complete_markdown"": {""url"": ""/api/artifact/571baa26-c2e7-4647-8810-ea73e715920a/result_complete.md"", ""kind"": ""markdown"", ""path"": ""/home/maoyd/pdf2md_web/results/571baa26-c2e7-4647-8810-ea73e715920a/result_complete.md"", ""mtime"": ""2026-05-09T06:12:34.744100+00:00"", ""exists"": true, ""size_bytes"": 633323}}",/home/maoyd/pdf2md_web_backup_20260511_000657测试样本/results/571baa26-c2e7-4647-8810-ea73e715920a,/home/maoyd/pdf2md_web/results/571baa26-c2e7-4647-8810-ea73e715920a/document_full.json,/home/maoyd/pdf2md_web/results/571baa26-c2e7-4647-8810-ea73e715920a/result.md,/home/maoyd/pdf2md_web/results/571baa26-c2e7-4647-8810-ea73e715920a/result_complete.md,354773,6170,pass,"{""warnings"": [""发现 11 张可疑表样本，建议在前端“优先复核表”中逐项打开可视化溯源。""], ""table_count"": 241, ""found_sections"": [""重要提示"", ""公司简介"", ""主要财务指标"", ""管理层讨论与分析"", ""公司治理"", ""重要事项"", ""股份变动"", ""财务报告""], ""image_ref_count"": 4, ""empty_cell_count"": 3304, ""fact_table_count"": 229, ""missing_sections"": [], ""dimension_table_count"": 12, ""found_financial_tables"": [""主要会计数据"", ""主要财务指标"", ""非经常性损益"", ""资产负债表"", ""利润表"", ""现金流量表"", ""所有者权益变动表""], ""single_row_table_count"": 0}","{""fail"": 0, ""pass"": 59, ""total"": 61, ""skipped"": 2, ""warning"": 0}","{""images"": {""count"": 285, ""total_size_bytes"": 34528093}, ""pdf_pages"": {""total_size_bytes"": 0, ""rendered_page_count"": 0}}","{""stage"": null, ""status"": null, ""task_id"": ""571baa26-c2e7-4647-8810-ea73e715920a"", ""filename"": ""赣粤高速：赣粤高速2025年年度报告.pdf"", ""created_at"": null, ""completed_at"": null, ""submit_config"": {}, ""mineru_task_id"": null, ""pdf_page_count"": null}",fc7d953c7a13d009cde0de633e9cc8c5d8103303775cec3c6ebbe98064a882ec,13098152,2026-05-16 03:50:57.215509+00,2026-05-16 03:50:57.215509+00,co_a4f6f91dfe587c859d801cd7,filing_8e840f5b3630100f2726a742,run_625c64f5abd898714ea23021
5bf87bcd-5ff1-4c82-aba4-4bbe057e6450,,东港股份：2025年年度报告.pdf,,,,,2026-05-09 06:12:36+00,,1,annual_report,2025,{},"{""pdf"": null, ""markdown"": {""url"": ""/api/artifact/5bf87bcd-5ff1-4c82-aba4-4bbe057e6450/result.md"", ""kind"": ""markdown"", ""path"": ""/home/maoyd/pdf2md_web/results/5bf87bcd-5ff1-4c82-aba4-4bbe057e6450/result.md"", ""mtime"": ""2026-05-07T09:57:59.828080+00:00"", ""exists"": true, ""size_bytes"": 410438}, ""complete_markdown"": {""url"": ""/api/artifact/5bf87bcd-5ff1-4c82-aba4-4bbe057e6450/result_complete.md"", ""kind"": ""markdown"", ""path"": ""/home/maoyd/pdf2md_web/results/5bf87bcd-5ff1-4c82-aba4-4bbe057e6450/result_complete.md"", ""mtime"": ""2026-05-09T06:12:36.286876+00:00"", ""exists"": true, ""size_bytes"": 431190}}",/home/maoyd/pdf2md_web_backup_20260511_000657测试样本/results/5bf87bcd-5ff1-4c82-aba4-4bbe057e6450,/home/maoyd/pdf2md_web/results/5bf87bcd-5ff1-4c82-aba4-4bbe057e6450/document_full.json,/home/maoyd/pdf2md_web/results/5bf87bcd-5ff1-4c82-aba4-4bbe057e6450/result.md,/home/maoyd/pdf2md_web/results/5bf87bcd-5ff1-4c82-aba4-4bbe057e6450/result_complete.md,243184,3176,pass,"{""warnings"": [""发现 16 张可疑表样本，建议在前端“优先复核表”中逐项打开可视化溯源。""], ""table_count"": 194, ""found_sections"": [""重要提示"", ""公司简介"", ""主要财务指标"", ""管理层讨论与分析"", ""公司治理"", ""重要事项"", ""股份变动"", ""财务报告""], ""image_ref_count"": 1, ""empty_cell_count"": 3974, ""fact_table_count"": 184, ""missing_sections"": [], ""dimension_table_count"": 10, ""found_financial_tables"": [""主要会计数据"", ""主要财务指标"", ""非经常性损益"", ""资产负债表"", ""利润表"", ""现金流量表"", ""所有者权益变动表""], ""single_row_table_count"": 0}","{""fail"": 0, ""pass"": 53, ""total"": 61, ""skipped"": 8, ""warning"": 0}","{""images"": {""count"": 256, ""total_size_bytes"": 21338268}, ""pdf_pages"": {""total_size_bytes"": 0, ""rendered_page_count"": 0}}","{""stage"": null, ""status"": null, ""task_id"": ""5bf87bcd-5ff1-4c82-aba4-4bbe057e6450"", ""filename"": ""东港股份：2025年年度报告.pdf"", ""created_at"": null, ""completed_at"": null, ""submit_config"": {}, ""mineru_task_id"": null, ""pdf_page_count"": null}",04bca2a5f6c5292b9fa99d0b615940853092121adb52d484876db3db48753db0,8105349,2026-05-16 03:50:57.427278+00,2026-05-16 03:50:57.427278+00,co_8c2edb1078803bed3db84e4f,filing_4edc8b7f7e0e061e327b2a3e,run_c2562fd3e767ae22020d1245
5ca20214-360c-4849-a455-eabc65ea2c90,,中芯国际：中芯国际2025年年度报告.pdf,,,,,2026-05-09 06:12:38+00,,1,annual_report,2025,{},"{""pdf"": null, ""markdown"": {""url"": ""/api/artifact/5ca20214-360c-4849-a455-eabc65ea2c90/result.md"", ""kind"": ""markdown"", ""path"": ""/home/maoyd/pdf2md_web/results/5ca20214-360c-4849-a455-eabc65ea2c90/result.md"", ""mtime"": ""2026-05-09T01:28:19.006677+00:00"", ""exists"": true, ""size_bytes"": 608949}, ""complete_markdown"": {""url"": ""/api/artifact/5ca20214-360c-4849-a455-eabc65ea2c90/result_complete.md"", ""kind"": ""markdown"", ""path"": ""/home/maoyd/pdf2md_web/results/5ca20214-360c-4849-a455-eabc65ea2c90/result_complete.md"", ""mtime"": ""2026-05-09T06:12:38.780679+00:00"", ""exists"": true, ""size_bytes"": 673602}}",/home/maoyd/pdf2md_web_backup_20260511_000657测试样本/results/5ca20214-360c-4849-a455-eabc65ea2c90,/home/maoyd/pdf2md_web/results/5ca20214-360c-4849-a455-eabc65ea2c90/document_full.json,/home/maoyd/pdf2md_web/results/5ca20214-360c-4849-a455-eabc65ea2c90/result.md,/home/maoyd/pdf2md_web/results/5ca20214-360c-4849-a455-eabc65ea2c90/result_complete.md,320813,7192,pass,"{""warnings"": [""发现 4 张可疑表样本，建议在前端“优先复核表”中逐项打开可视化溯源。""], ""table_count"": 259, ""found_sections"": [""重要提示"", ""公司简介"", ""主要财务指标"", ""管理层讨论与分析"", ""公司治理"", ""重要事项"", ""股份变动"", ""财务报告""], ""image_ref_count"": 0, ""empty_cell_count"": 194, ""fact_table_count"": 249, ""missing_sections"": [], ""dimension_table_count"": 10, ""found_financial_tables"": [""主要会计数据"", ""主要财务指标"", ""非经常性损益"", ""资产负债表"", ""利润表"", ""现金流量表"", ""所有者权益变动表""], ""single_row_table_count"": 0}","{""fail"": 0, ""pass"": 35, ""total"": 36, ""skipped"": 0, ""warning"": 1}","{""images"": {""count"": 276, ""total_size_bytes"": 27780506}, ""pdf_pages"": {""total_size_bytes"": 1043743, ""rendered_page_count"": 3}}","{""stage"": null, ""status"": null, ""task_id"": ""5ca20214-360c-4849-a455-eabc65ea2c90"", ""filename"": ""中芯国际：中芯国际2025年年度报告.pdf"", ""created_at"": null, ""completed_at"": null, ""submit_config"": {}, ""mineru_task_id"": null, ""pdf_page_count"": null}",ee86c1e531067381f1a2d737103e754e840e28748329c58b0d945e006b70b9bf,15162030,2026-05-16 03:50:57.638865+00,2026-05-16 03:50:57.638865+00,co_2547eab1eb825fd04ae249bf,filing_f71a2e28cedc60c252ab55d0,run_ee21535c0e1eede6f0812d47
7b8d28e6-8db0-4dae-9a69-2d004d3457af,,中芯国际：中芯国际2025年年度报告.pdf,,,,,2026-05-09 06:13:47+00,,1,annual_report,2025,{},"{""pdf"": null, ""markdown"": {""url"": ""/api/artifact/7b8d28e6-8db0-4dae-9a69-2d004d3457af/result.md"", ""kind"": ""markdown"", ""path"": ""/home/maoyd/pdf2md_web/results/7b8d28e6-8db0-4dae-9a69-2d004d3457af/result.md"", ""mtime"": ""2026-05-08T04:51:45.451738+00:00"", ""exists"": true, ""size_bytes"": 608974}, ""complete_markdown"": {""url"": ""/api/artifact/7b8d28e6-8db0-4dae-9a69-2d004d3457af/result_complete.md"", ""kind"": ""markdown"", ""path"": ""/home/maoyd/pdf2md_web/results/7b8d28e6-8db0-4dae-9a69-2d004d3457af/result_complete.md"", ""mtime"": ""2026-05-09T06:13:47.488950+00:00"", ""exists"": true, ""size_bytes"": 673627}}",/home/maoyd/pdf2md_web_backup_20260511_000657测试样本/results/7b8d28e6-8db0-4dae-9a69-2d004d3457af,/home/maoyd/pdf2md_web/results/7b8d28e6-8db0-4dae-9a69-2d004d3457af/document_full.json,/home/maoyd/pdf2md_web/results/7b8d28e6-8db0-4dae-9a69-2d004d3457af/result.md,/home/maoyd/pdf2md_web/results/7b8d28e6-8db0-4dae-9a69-2d004d3457af/result_complete.md,320838,7192,pass,"{""warnings"": [""发现 4 张可疑表样本，建议在前端“优先复核表”中逐项打开可视化溯源。""], ""table_count"": 259, ""found_sections"": [""重要提示"", ""公司简介"", ""主要财务指标"", ""管理层讨论与分析"", ""公司治理"", ""重要事项"", ""股份变动"", ""财务报告""], ""image_ref_count"": 0, ""empty_cell_count"": 194, ""fact_table_count"": 249, ""missing_sections"": [], ""dimension_table_count"": 10, ""found_financial_tables"": [""主要会计数据"", ""主要财务指标"", ""非经常性损益"", ""资产负债表"", ""利润表"", ""现金流量表"", ""所有者权益变动表""], ""single_row_table_count"": 0}","{""fail"": 0, ""pass"": 35, ""total"": 36, ""skipped"": 0, ""warning"": 1}","{""images"": {""count"": 276, ""total_size_bytes"": 27782984}, ""pdf_pages"": {""total_size_bytes"": 0, ""rendered_page_count"": 0}}","{""stage"": null, ""status"": null, ""task_id"": ""7b8d28e6-8db0-4dae-9a69-2d004d3457af"", ""filename"": ""中芯国际：中芯国际2025年年度报告.pdf"", ""created_at"": null, ""completed_at"": null, ""submit_config"": {}, ""mineru_task_id"": null, ""pdf_page_count"": null}",79620b9dfccbd98b154671d8921782edcf37ff1e0f9242e965f3711f67fc5bcc,15161154,2026-05-16 03:51:04.466044+00,2026-05-16 03:51:04.466044+00,co_2547eab1eb825fd04ae249bf,filing_f71a2e28cedc60c252ab55d0,run_e8e981a958a41a4eaed13bc0
7c3ae503-f78d-442e-b391-3eadf4fda17e,,工商银行：工商银行2025年度报告.pdf,,,,,2026-05-09 06:13:54+00,,1,annual_report,2025,{},"{""pdf"": null, ""markdown"": {""url"": ""/api/artifact/7c3ae503-f78d-442e-b391-3eadf4fda17e/result.md"", ""kind"": ""markdown"", ""path"": ""/home/maoyd/pdf2md_web/results/7c3ae503-f78d-442e-b391-3eadf4fda17e/result.md"", ""mtime"": ""2026-05-08T15:59:03.950174+00:00"", ""exists"": true, ""size_bytes"": 1329811}, ""complete_markdown"": {""url"": ""/api/artifact/7c3ae503-f78d-442e-b391-3eadf4fda17e/result_complete.md"", ""kind"": ""markdown"", ""path"": ""/home/maoyd/pdf2md_web/results/7c3ae503-f78d-442e-b391-3eadf4fda17e/result_complete.md"", ""mtime"": ""2026-05-09T06:13:54.182184+00:00"", ""exists"": true, ""size_bytes"": 1380100}}",/home/maoyd/pdf2md_web_backup_20260511_000657测试样本/results/7c3ae503-f78d-442e-b391-3eadf4fda17e,/home/maoyd/pdf2md_web/results/7c3ae503-f78d-442e-b391-3eadf4fda17e/document_full.json,/home/maoyd/pdf2md_web/results/7c3ae503-f78d-442e-b391-3eadf4fda17e/result.md,/home/maoyd/pdf2md_web/results/7c3ae503-f78d-442e-b391-3eadf4fda17e/result_complete.md,808687,11229,pass,"{""warnings"": [""发现 3 张可疑表样本，建议在前端“优先复核表”中逐项打开可视化溯源。""], ""table_count"": 476, ""found_sections"": [""重要提示"", ""公司简介"", ""公司治理"", ""重要事项"", ""股份变动"", ""财务报告""], ""image_ref_count"": 33, ""empty_cell_count"": 3383, ""fact_table_count"": 471, ""missing_sections"": [""主要财务指标"", ""管理层讨论与分析""], ""dimension_table_count"": 5, ""found_financial_tables"": [""主要会计数据"", ""主要财务指标"", ""非经常性损益"", ""资产负债表"", ""利润表"", ""现金流量表"", ""所有者权益变动表""], ""single_row_table_count"": 0}","{""fail"": 0, ""pass"": 35, ""total"": 62, ""skipped"": 26, ""warning"": 1}","{""images"": {""count"": 328, ""total_size_bytes"": 30594661}, ""pdf_pages"": {""total_size_bytes"": 0, ""rendered_page_count"": 0}}","{""stage"": null, ""status"": null, ""task_id"": ""7c3ae503-f78d-442e-b391-3eadf4fda17e"", ""filename"": ""工商银行：工商银行2025年度报告.pdf"", ""created_at"": null, ""completed_at"": null, ""submit_config"": {}, ""mineru_task_id"": null, ""pdf_page_count"": null}",e9c1c254d8b858040bff376620a2967c06018aa9591903e759305d65f6b5ca9a,22321122,2026-05-16 03:51:04.847043+00,2026-05-16 03:51:04.847043+00,co_7f01bcf3af8d6013d7680a22,filing_09bd06b87123761c54407983,run_31f282cf1a47149142d6f4c6
7f80cc1c-1533-4a52-857d-8b9c6f7c7009,,海尔智家：海尔智家股份有限公司2025年年度报告.pdf,,,,,2026-05-09 06:14:03+00,,1,annual_report,2025,{},"{""pdf"": null, ""markdown"": {""url"": ""/api/artifact/7f80cc1c-1533-4a52-857d-8b9c6f7c7009/result.md"", ""kind"": ""markdown"", ""path"": ""/home/maoyd/pdf2md_web/results/7f80cc1c-1533-4a52-857d-8b9c6f7c7009/result.md"", ""mtime"": ""2026-05-08T16:38:56.093367+00:00"", ""exists"": true, ""size_bytes"": 1134067}, ""complete_markdown"": {""url"": ""/api/artifact/7f80cc1c-1533-4a52-857d-8b9c6f7c7009/result_complete.md"", ""kind"": ""markdown"", ""path"": ""/home/maoyd/pdf2md_web/results/7f80cc1c-1533-4a52-857d-8b9c6f7c7009/result_complete.md"", ""mtime"": ""2026-05-09T06:14:03.122186+00:00"", ""exists"": true, ""size_bytes"": 1171004}}",/home/maoyd/pdf2md_web_backup_20260511_000657测试样本/results/7f80cc1c-1533-4a52-857d-8b9c6f7c7009,/home/maoyd/pdf2md_web/results/7f80cc1c-1533-4a52-857d-8b9c6f7c7009/document_full.json,/home/maoyd/pdf2md_web/results/7f80cc1c-1533-4a52-857d-8b9c6f7c7009/result.md,/home/maoyd/pdf2md_web/results/7f80cc1c-1533-4a52-857d-8b9c6f7c7009/result_complete.md,672477,7203,pass,"{""warnings"": [""发现 30 张可疑表样本，建议在前端“优先复核表”中逐项打开可视化溯源。""], ""table_count"": 484, ""found_sections"": [""重要提示"", ""公司简介"", ""主要财务指标"", ""管理层讨论与分析"", ""公司治理"", ""重要事项"", ""股份变动"", ""财务报告""], ""image_ref_count"": 3, ""empty_cell_count"": 6916, ""fact_table_count"": 457, ""missing_sections"": [], ""dimension_table_count"": 27, ""found_financial_tables"": [""主要会计数据"", ""主要财务指标"", ""非经常性损益"", ""资产负债表"", ""利润表"", ""现金流量表"", ""所有者权益变动表""], ""single_row_table_count"": 12}","{""fail"": 0, ""pass"": 59, ""total"": 61, ""skipped"": 2, ""warning"": 0}","{""images"": {""count"": 361, ""total_size_bytes"": 43812719}, ""pdf_pages"": {""total_size_bytes"": 0, ""rendered_page_count"": 0}}","{""stage"": null, ""status"": null, ""task_id"": ""7f80cc1c-1533-4a52-857d-8b9c6f7c7009"", ""filename"": ""海尔智家：海尔智家股份有限公司2025年年度报告.pdf"", ""created_at"": null, ""completed_at"": null, ""submit_config"": {}, ""mineru_task_id"": null, ""pdf_page_count"": null}",0c58c8395b37ffb0ff2220065f80fc9e069f78ce1c2c8b39b2fe0f969505049f,14392051,2026-05-16 03:51:05.636173+00,2026-05-16 03:51:05.636173+00,co_c0a554630fda5fa6acf242ee,filing_283cc29932a95ef7c879a3e6,run_94215b6601659cb2dd44a8f1
81c2bc2f-21db-4785-b7db-d30e359063d1,,抚顺特钢：抚顺特钢：2025年年度报告.pdf,,,,,2026-05-09 06:14:15+00,,1,annual_report,2025,{},"{""pdf"": null, ""markdown"": {""url"": ""/api/artifact/81c2bc2f-21db-4785-b7db-d30e359063d1/result.md"", ""kind"": ""markdown"", ""path"": ""/home/maoyd/pdf2md_web/results/81c2bc2f-21db-4785-b7db-d30e359063d1/result.md"", ""mtime"": ""2026-05-08T15:16:29.059765+00:00"", ""exists"": true, ""size_bytes"": 511104}, ""complete_markdown"": {""url"": ""/api/artifact/81c2bc2f-21db-4785-b7db-d30e359063d1/result_complete.md"", ""kind"": ""markdown"", ""path"": ""/home/maoyd/pdf2md_web/results/81c2bc2f-21db-4785-b7db-d30e359063d1/result_complete.md"", ""mtime"": ""2026-05-09T06:14:15.250937+00:00"", ""exists"": true, ""size_bytes"": 542308}}",/home/maoyd/pdf2md_web_backup_20260511_000657测试样本/results/81c2bc2f-21db-4785-b7db-d30e359063d1,/home/maoyd/pdf2md_web/results/81c2bc2f-21db-4785-b7db-d30e359063d1/document_full.json,/home/maoyd/pdf2md_web/results/81c2bc2f-21db-4785-b7db-d30e359063d1/result.md,/home/maoyd/pdf2md_web/results/81c2bc2f-21db-4785-b7db-d30e359063d1/result_complete.md,299309,5901,pass,"{""warnings"": [""发现 15 张可疑表样本，建议在前端“优先复核表”中逐项打开可视化溯源。""], ""table_count"": 237, ""found_sections"": [""重要提示"", ""公司简介"", ""主要财务指标"", ""管理层讨论与分析"", ""公司治理"", ""重要事项"", ""股份变动"", ""财务报告""], ""image_ref_count"": 2, ""empty_cell_count"": 3269, ""fact_table_count"": 225, ""missing_sections"": [], ""dimension_table_count"": 12, ""found_financial_tables"": [""主要会计数据"", ""主要财务指标"", ""非经常性损益"", ""资产负债表"", ""利润表"", ""现金流量表"", ""所有者权益变动表""], ""single_row_table_count"": 1}","{""fail"": 0, ""pass"": 55, ""total"": 64, ""skipped"": 6, ""warning"": 3}","{""images"": {""count"": 308, ""total_size_bytes"": 31434544}, ""pdf_pages"": {""total_size_bytes"": 0, ""rendered_page_count"": 0}}","{""stage"": null, ""status"": null, ""task_id"": ""81c2bc2f-21db-4785-b7db-d30e359063d1"", ""filename"": ""抚顺特钢：抚顺特钢：2025年年度报告.pdf"", ""created_at"": null, ""completed_at"": null, ""submit_config"": {}, ""mineru_task_id"": null, ""pdf_page_count"": null}",b9b45c5d05d6ad7d81eec632b758e847a1f8531c9b713916367e4c7cb44aca5c,12244867,2026-05-16 03:51:06.570285+00,2026-05-16 03:51:06.570285+00,co_e2f8d977f82c600136885565,filing_e9ec1f4dede308b5d86b9c06,run_c23b8685f3cb404c4d6eca25
8e4b4f51-5241-4fb4-be3e-c7edd33b7cad,,中国巨石：中国巨石2025年年度报告.pdf,,,,,2026-05-09 06:14:52+00,,1,annual_report,2025,{},"{""pdf"": null, ""markdown"": {""url"": ""/api/artifact/8e4b4f51-5241-4fb4-be3e-c7edd33b7cad/result.md"", ""kind"": ""markdown"", ""path"": ""/home/maoyd/pdf2md_web/results/8e4b4f51-5241-4fb4-be3e-c7edd33b7cad/result.md"", ""mtime"": ""2026-05-08T11:52:23.087748+00:00"", ""exists"": true, ""size_bytes"": 907069}, ""complete_markdown"": {""url"": ""/api/artifact/8e4b4f51-5241-4fb4-be3e-c7edd33b7cad/result_complete.md"", ""kind"": ""markdown"", ""path"": ""/home/maoyd/pdf2md_web/results/8e4b4f51-5241-4fb4-be3e-c7edd33b7cad/result_complete.md"", ""mtime"": ""2026-05-09T06:14:51.927107+00:00"", ""exists"": true, ""size_bytes"": 943966}}",/home/maoyd/pdf2md_web_backup_20260511_000657测试样本/results/8e4b4f51-5241-4fb4-be3e-c7edd33b7cad,/home/maoyd/pdf2md_web/results/8e4b4f51-5241-4fb4-be3e-c7edd33b7cad/document_full.json,/home/maoyd/pdf2md_web/results/8e4b4f51-5241-4fb4-be3e-c7edd33b7cad/result.md,/home/maoyd/pdf2md_web/results/8e4b4f51-5241-4fb4-be3e-c7edd33b7cad/result_complete.md,544028,7828,pass,"{""warnings"": [""发现 30 张可疑表样本，建议在前端“优先复核表”中逐项打开可视化溯源。""], ""table_count"": 410, ""found_sections"": [""重要提示"", ""公司简介"", ""主要财务指标"", ""管理层讨论与分析"", ""公司治理"", ""重要事项"", ""股份变动"", ""财务报告""], ""image_ref_count"": 11, ""empty_cell_count"": 5509, ""fact_table_count"": 392, ""missing_sections"": [], ""dimension_table_count"": 18, ""found_financial_tables"": [""主要会计数据"", ""主要财务指标"", ""非经常性损益"", ""资产负债表"", ""利润表"", ""现金流量表"", ""所有者权益变动表""], ""single_row_table_count"": 4}","{""fail"": 0, ""pass"": 59, ""total"": 63, ""skipped"": 2, ""warning"": 2}","{""images"": {""count"": 320, ""total_size_bytes"": 35332612}, ""pdf_pages"": {""total_size_bytes"": 0, ""rendered_page_count"": 0}}","{""stage"": null, ""status"": null, ""task_id"": ""8e4b4f51-5241-4fb4-be3e-c7edd33b7cad"", ""filename"": ""中国巨石：中国巨石2025年年度报告.pdf"", ""created_at"": null, ""completed_at"": null, ""submit_config"": {}, ""mineru_task_id"": null, ""pdf_page_count"": null}",3e4fb34a91f186a836ef3354307ba94afaacdde6fe3b98bb282f123e3b6ca6e8,13266670,2026-05-16 03:51:09.746469+00,2026-05-16 03:51:09.746469+00,co_29ecd679d7eb27d4eba43fc0,filing_1fb69fc2b0b1f17012ea09b5,run_edcfb20e08c692573fe528df
9292da4e-0081-4378-81a1-685fad02d5a9,,上海电气：上海电气2025年年度报告.pdf,,,,,2026-05-09 06:15:04+00,,1,annual_report,2025,{},"{""pdf"": null, ""markdown"": {""url"": ""/api/artifact/9292da4e-0081-4378-81a1-685fad02d5a9/result.md"", ""kind"": ""markdown"", ""path"": ""/home/maoyd/pdf2md_web/results/9292da4e-0081-4378-81a1-685fad02d5a9/result.md"", ""mtime"": ""2026-05-08T10:31:57.832841+00:00"", ""exists"": true, ""size_bytes"": 809957}, ""complete_markdown"": {""url"": ""/api/artifact/9292da4e-0081-4378-81a1-685fad02d5a9/result_complete.md"", ""kind"": ""markdown"", ""path"": ""/home/maoyd/pdf2md_web/results/9292da4e-0081-4378-81a1-685fad02d5a9/result_complete.md"", ""mtime"": ""2026-05-09T06:15:04.078054+00:00"", ""exists"": true, ""size_bytes"": 836410}}",/home/maoyd/pdf2md_web_backup_20260511_000657测试样本/results/9292da4e-0081-4378-81a1-685fad02d5a9,/home/maoyd/pdf2md_web/results/9292da4e-0081-4378-81a1-685fad02d5a9/document_full.json,/home/maoyd/pdf2md_web/results/9292da4e-0081-4378-81a1-685fad02d5a9/result.md,/home/maoyd/pdf2md_web/results/9292da4e-0081-4378-81a1-685fad02d5a9/result_complete.md,469435,7512,pass,"{""warnings"": [""发现 21 张可疑表样本，建议在前端“优先复核表”中逐项打开可视化溯源。""], ""table_count"": 362, ""found_sections"": [""重要提示"", ""公司简介"", ""主要财务指标"", ""管理层讨论与分析"", ""公司治理"", ""重要事项"", ""股份变动"", ""财务报告""], ""image_ref_count"": 2, ""empty_cell_count"": 4384, ""fact_table_count"": 350, ""missing_sections"": [], ""dimension_table_count"": 12, ""found_financial_tables"": [""主要会计数据"", ""主要财务指标"", ""非经常性损益"", ""资产负债表"", ""利润表"", ""现金流量表"", ""所有者权益变动表""], ""single_row_table_count"": 2}","{""fail"": 0, ""pass"": 59, ""total"": 63, ""skipped"": 2, ""warning"": 2}","{""images"": {""count"": 423, ""total_size_bytes"": 46532489}, ""pdf_pages"": {""total_size_bytes"": 1354028, ""rendered_page_count"": 5}}","{""stage"": null, ""status"": null, ""task_id"": ""9292da4e-0081-4378-81a1-685fad02d5a9"", ""filename"": ""上海电气：上海电气2025年年度报告.pdf"", ""created_at"": null, ""completed_at"": null, ""submit_config"": {}, ""mineru_task_id"": null, ""pdf_page_count"": null}",e7c12aeccf92e5f82dc8c912c98a00c916898073e0075e2019dbfeb121b0f3d8,16841965,2026-05-16 03:51:10.826488+00,2026-05-16 03:51:10.826488+00,co_4d4949deacdbf7af7d6e2a7d,filing_2da0572331946c2c77eeac14,run_7dde0c35007ae0f9538a7ec5
9b7f6636-519f-42be-affb-2b5bd8571d8d,,明星电力：四川明星电力股份有限公司2025年年度报告.pdf,,,,,2026-05-09 06:15:22+00,,1,annual_report,2025,{},"{""pdf"": null, ""markdown"": {""url"": ""/api/artifact/9b7f6636-519f-42be-affb-2b5bd8571d8d/result.md"", ""kind"": ""markdown"", ""path"": ""/home/maoyd/pdf2md_web/results/9b7f6636-519f-42be-affb-2b5bd8571d8d/result.md"", ""mtime"": ""2026-05-08T22:18:32.331512+00:00"", ""exists"": true, ""size_bytes"": 917631}, ""complete_markdown"": {""url"": ""/api/artifact/9b7f6636-519f-42be-affb-2b5bd8571d8d/result_complete.md"", ""kind"": ""markdown"", ""path"": ""/home/maoyd/pdf2md_web/results/9b7f6636-519f-42be-affb-2b5bd8571d8d/result_complete.md"", ""mtime"": ""2026-05-09T06:15:22.171996+00:00"", ""exists"": true, ""size_bytes"": 956724}}",/home/maoyd/pdf2md_web_backup_20260511_000657测试样本/results/9b7f6636-519f-42be-affb-2b5bd8571d8d,/home/maoyd/pdf2md_web/results/9b7f6636-519f-42be-affb-2b5bd8571d8d/document_full.json,/home/maoyd/pdf2md_web/results/9b7f6636-519f-42be-affb-2b5bd8571d8d/result.md,/home/maoyd/pdf2md_web/results/9b7f6636-519f-42be-affb-2b5bd8571d8d/result_complete.md,528539,10534,pass,"{""warnings"": [""发现 30 张可疑表样本，建议在前端“优先复核表”中逐项打开可视化溯源。""], ""table_count"": 421, ""found_sections"": [""重要提示"", ""公司简介"", ""主要财务指标"", ""管理层讨论与分析"", ""公司治理"", ""重要事项"", ""股份变动"", ""财务报告""], ""image_ref_count"": 7, ""empty_cell_count"": 5657, ""fact_table_count"": 400, ""missing_sections"": [], ""dimension_table_count"": 21, ""found_financial_tables"": [""主要会计数据"", ""主要财务指标"", ""非经常性损益"", ""资产负债表"", ""利润表"", ""现金流量表"", ""所有者权益变动表""], ""single_row_table_count"": 4}","{""fail"": 0, ""pass"": 52, ""total"": 62, ""skipped"": 9, ""warning"": 1}","{""images"": {""count"": 318, ""total_size_bytes"": 34755133}, ""pdf_pages"": {""total_size_bytes"": 0, ""rendered_page_count"": 0}}","{""stage"": null, ""status"": null, ""task_id"": ""9b7f6636-519f-42be-affb-2b5bd8571d8d"", ""filename"": ""明星电力：四川明星电力股份有限公司2025年年度报告.pdf"", ""created_at"": null, ""completed_at"": null, ""submit_config"": {}, ""mineru_task_id"": null, ""pdf_page_count"": null}",780e4a639e4114e4c3f94f5cde6ff6078e180a1886f681f12065ce386dd02ec6,15571214,2026-05-16 03:51:12.581944+00,2026-05-16 03:51:12.581944+00,co_a05e886fd21d52dc747c98b2,filing_6df603c97a63630bf442a9ae,run_946e7716053057b0cae59d49
a65972d0-aa69-4b76-82ef-a0fc2c030240,cf6e90fa-6d1d-4864-8f8e-5d4e570477d0,网宿科技_CN_300017_2025-12-31_年报_2026-04-14_manual_034c954b.pdf,completed,completed,2026-05-18 07:57:13+00,2026-05-18 08:05:26+00,2026-05-18 09:22:49+00,186,1,annual_report,2025,"{""backend"": ""hybrid-http-client"", ""end_page_id"": """", ""parse_method"": ""auto"", ""table_enable"": true, ""start_page_id"": """", ""formula_enable"": true}","{""pdf"": {""url"": """", ""kind"": ""pdf"", ""path"": ""/home/maoyd/pdf2md_web/uploads/a65972d0-aa69-4b76-82ef-a0fc2c030240.pdf"", ""mtime"": ""2026-05-18T07:57:13.666323+00:00"", ""exists"": true, ""size_bytes"": 1295231}, ""markdown"": {""url"": ""/api/artifact/a65972d0-aa69-4b76-82ef-a0fc2c030240/result.md"", ""kind"": ""markdown"", ""path"": ""/home/maoyd/pdf2md_web/results/a65972d0-aa69-4b76-82ef-a0fc2c030240/result.md"", ""mtime"": ""2026-05-18T08:05:28.450130+00:00"", ""exists"": true, ""size_bytes"": 595393}, ""complete_markdown"": {""url"": ""/api/artifact/a65972d0-aa69-4b76-82ef-a0fc2c030240/result_complete.md"", ""kind"": ""markdown"", ""path"": ""/home/maoyd/pdf2md_web/results/a65972d0-aa69-4b76-82ef-a0fc2c030240/result_complete.md"", ""mtime"": ""2026-05-18T08:05:36.312564+00:00"", ""exists"": true, ""size_bytes"": 636336}}",/home/maoyd/pdf2md_web/results/a65972d0-aa69-4b76-82ef-a0fc2c030240,/home/maoyd/pdf2md_web/results/a65972d0-aa69-4b76-82ef-a0fc2c030240/document_full.json,/home/maoyd/pdf2md_web/results/a65972d0-aa69-4b76-82ef-a0fc2c030240/result.md,/home/maoyd/pdf2md_web/results/a65972d0-aa69-4b76-82ef-a0fc2c030240/result_complete.md,358697,3921,pass,"{""warnings"": [""发现 24 张可疑表样本，建议在前端“优先复核表”中逐项打开可视化溯源。""], ""table_count"": 247, ""found_sections"": [""重要提示"", ""公司简介"", ""主要财务指标"", ""管理层讨论与分析"", ""公司治理"", ""重要事项"", ""股份变动"", ""财务报告""], ""image_ref_count"": 1, ""empty_cell_count"": 3954, ""fact_table_count"": 240, ""missing_sections"": [], ""dimension_table_count"": 7, ""found_financial_tables"": [""主要会计数据"", ""主要财务指标"", ""非经常性损益"", ""资产负债表"", ""利润表"", ""现金流量表"", ""所有者权益变动表""], ""single_row_table_count"": 0}","{""fail"": 0, ""pass"": 56, ""total"": 61, ""skipped"": 5, ""warning"": 0}","{""images"": {""count"": 323, ""total_size_bytes"": 32410691}, ""pdf_pages"": {""total_size_bytes"": 152489, ""rendered_page_count"": 1}}","{""stage"": ""completed"", ""status"": ""completed"", ""task_id"": ""a65972d0-aa69-4b76-82ef-a0fc2c030240"", ""filename"": ""网宿科技_CN_300017_2025-12-31_年报_2026-04-14_manual_034c954b.pdf"", ""created_at"": ""2026-05-18T07:57:13Z"", ""completed_at"": ""2026-05-18T08:05:26Z"", ""submit_config"": {""backend"": ""hybrid-http-client"", ""end_page_id"": """", ""parse_method"": ""auto"", ""table_enable"": true, ""start_page_id"": """", ""formula_enable"": true}, ""mineru_task_id"": ""cf6e90fa-6d1d-4864-8f8e-5d4e570477d0"", ""pdf_page_count"": 186}",270f09151f0c35728accd2c4d409c79d94c1f2c37f0517ebf0196f629b247cf6,10626805,2026-05-18 09:23:07.082411+00,2026-05-18 10:10:58.661458+00,co_a340182cbf395f37daa38355,filing_c0f5d13b91c9be1b54b03c7a,run_35947466e10fc678adfb7922
b48e4c3b-91c4-47ca-8e32-d14bb4174ea1,,上海莱士：2025年年度报告.pdf,,,,,2026-05-09 06:16:25+00,,1,annual_report,2025,{},"{""pdf"": null, ""markdown"": {""url"": ""/api/artifact/b48e4c3b-91c4-47ca-8e32-d14bb4174ea1/result.md"", ""kind"": ""markdown"", ""path"": ""/home/maoyd/pdf2md_web/results/b48e4c3b-91c4-47ca-8e32-d14bb4174ea1/result.md"", ""mtime"": ""2026-05-09T00:17:41.702191+00:00"", ""exists"": true, ""size_bytes"": 556042}, ""complete_markdown"": {""url"": ""/api/artifact/b48e4c3b-91c4-47ca-8e32-d14bb4174ea1/result_complete.md"", ""kind"": ""markdown"", ""path"": ""/home/maoyd/pdf2md_web/results/b48e4c3b-91c4-47ca-8e32-d14bb4174ea1/result_complete.md"", ""mtime"": ""2026-05-09T06:16:25.495663+00:00"", ""exists"": true, ""size_bytes"": 585845}}",/home/maoyd/pdf2md_web_backup_20260511_000657测试样本/results/b48e4c3b-91c4-47ca-8e32-d14bb4174ea1,/home/maoyd/pdf2md_web/results/b48e4c3b-91c4-47ca-8e32-d14bb4174ea1/document_full.json,/home/maoyd/pdf2md_web/results/b48e4c3b-91c4-47ca-8e32-d14bb4174ea1/result.md,/home/maoyd/pdf2md_web/results/b48e4c3b-91c4-47ca-8e32-d14bb4174ea1/result_complete.md,316604,4745,pass,"{""warnings"": [""发现 17 张可疑表样本，建议在前端“优先复核表”中逐项打开可视化溯源。""], ""table_count"": 281, ""found_sections"": [""重要提示"", ""公司简介"", ""主要财务指标"", ""管理层讨论与分析"", ""公司治理"", ""重要事项"", ""股份变动"", ""财务报告""], ""image_ref_count"": 2, ""empty_cell_count"": 743, ""fact_table_count"": 266, ""missing_sections"": [], ""dimension_table_count"": 15, ""found_financial_tables"": [""主要会计数据"", ""主要财务指标"", ""非经常性损益"", ""资产负债表"", ""利润表"", ""现金流量表"", ""所有者权益变动表""], ""single_row_table_count"": 4}","{""fail"": 0, ""pass"": 57, ""total"": 62, ""skipped"": 4, ""warning"": 1}","{""images"": {""count"": 295, ""total_size_bytes"": 23229094}, ""pdf_pages"": {""total_size_bytes"": 0, ""rendered_page_count"": 0}}","{""stage"": null, ""status"": null, ""task_id"": ""b48e4c3b-91c4-47ca-8e32-d14bb4174ea1"", ""filename"": ""上海莱士：2025年年度报告.pdf"", ""created_at"": null, ""completed_at"": null, ""submit_config"": {}, ""mineru_task_id"": null, ""pdf_page_count"": null}",8bfd825506601f1c8c429a96c21820875aef0ba9a1402433c20e37971153ecf1,12006625,2026-05-16 03:51:19.949586+00,2026-05-16 03:51:19.949586+00,co_295bede75875e946ebc3cf29,filing_db1e5b60c1936edcee620b45,run_1fb5b1ca3cd00a4393aaa2c5
cc54d88c-dcf9-4122-968b-9d7648876b79,,扬农化工：2025年年度报告.pdf,,,,,2026-05-09 06:17:27+00,,1,annual_report,2025,{},"{""pdf"": null, ""markdown"": {""url"": ""/api/artifact/cc54d88c-dcf9-4122-968b-9d7648876b79/result.md"", ""kind"": ""markdown"", ""path"": ""/home/maoyd/pdf2md_web/results/cc54d88c-dcf9-4122-968b-9d7648876b79/result.md"", ""mtime"": ""2026-05-08T07:18:32.986125+00:00"", ""exists"": true, ""size_bytes"": 796054}, ""complete_markdown"": {""url"": ""/api/artifact/cc54d88c-dcf9-4122-968b-9d7648876b79/result_complete.md"", ""kind"": ""markdown"", ""path"": ""/home/maoyd/pdf2md_web/results/cc54d88c-dcf9-4122-968b-9d7648876b79/result_complete.md"", ""mtime"": ""2026-05-09T06:17:27.557931+00:00"", ""exists"": true, ""size_bytes"": 828458}}",/home/maoyd/pdf2md_web_backup_20260511_000657测试样本/results/cc54d88c-dcf9-4122-968b-9d7648876b79,/home/maoyd/pdf2md_web/results/cc54d88c-dcf9-4122-968b-9d7648876b79/document_full.json,/home/maoyd/pdf2md_web/results/cc54d88c-dcf9-4122-968b-9d7648876b79/result.md,/home/maoyd/pdf2md_web/results/cc54d88c-dcf9-4122-968b-9d7648876b79/result_complete.md,490801,10515,pass,"{""warnings"": [""发现 30 张可疑表样本，建议在前端“优先复核表”中逐项打开可视化溯源。""], ""table_count"": 398, ""found_sections"": [""重要提示"", ""公司简介"", ""主要财务指标"", ""管理层讨论与分析"", ""公司治理"", ""重要事项"", ""股份变动"", ""财务报告""], ""image_ref_count"": 17, ""empty_cell_count"": 6502, ""fact_table_count"": 386, ""missing_sections"": [], ""dimension_table_count"": 12, ""found_financial_tables"": [""主要会计数据"", ""主要财务指标"", ""非经常性损益"", ""资产负债表"", ""利润表"", ""现金流量表"", ""所有者权益变动表""], ""single_row_table_count"": 0}","{""fail"": 0, ""pass"": 59, ""total"": 61, ""skipped"": 2, ""warning"": 0}","{""images"": {""count"": 275, ""total_size_bytes"": 30440944}, ""pdf_pages"": {""total_size_bytes"": 0, ""rendered_page_count"": 0}}","{""stage"": null, ""status"": null, ""task_id"": ""cc54d88c-dcf9-4122-968b-9d7648876b79"", ""filename"": ""扬农化工：2025年年度报告.pdf"", ""created_at"": null, ""completed_at"": null, ""submit_config"": {}, ""mineru_task_id"": null, ""pdf_page_count"": null}",f78e51f76229f28f555b61502b23ccc9d38a37dabae20e98258e095800cbc450,13241903,2026-05-16 03:51:26.637327+00,2026-05-16 03:51:26.637327+00,co_5f87ec12134a29232a99e892,filing_31d47e357c553bbac91518fc,run_3cfa9fdb98c6be155e71cc3c
d2a891e9-50e7-4887-ad6e-b0f9b79b403a,,中兴通讯：2025年年度报告.pdf,,,,,2026-05-09 06:17:40+00,,1,annual_report,2025,{},"{""pdf"": null, ""markdown"": {""url"": ""/api/artifact/d2a891e9-50e7-4887-ad6e-b0f9b79b403a/result.md"", ""kind"": ""markdown"", ""path"": ""/home/maoyd/pdf2md_web/results/d2a891e9-50e7-4887-ad6e-b0f9b79b403a/result.md"", ""mtime"": ""2026-05-09T01:46:02.150800+00:00"", ""exists"": true, ""size_bytes"": 981672}, ""complete_markdown"": {""url"": ""/api/artifact/d2a891e9-50e7-4887-ad6e-b0f9b79b403a/result_complete.md"", ""kind"": ""markdown"", ""path"": ""/home/maoyd/pdf2md_web/results/d2a891e9-50e7-4887-ad6e-b0f9b79b403a/result_complete.md"", ""mtime"": ""2026-05-09T06:17:40.805055+00:00"", ""exists"": true, ""size_bytes"": 1020406}}",/home/maoyd/pdf2md_web_backup_20260511_000657测试样本/results/d2a891e9-50e7-4887-ad6e-b0f9b79b403a,/home/maoyd/pdf2md_web/results/d2a891e9-50e7-4887-ad6e-b0f9b79b403a/document_full.json,/home/maoyd/pdf2md_web/results/d2a891e9-50e7-4887-ad6e-b0f9b79b403a/result.md,/home/maoyd/pdf2md_web/results/d2a891e9-50e7-4887-ad6e-b0f9b79b403a/result_complete.md,561320,6982,pass,"{""warnings"": [""发现 23 张可疑表样本，建议在前端“优先复核表”中逐项打开可视化溯源。""], ""table_count"": 509, ""found_sections"": [""重要提示"", ""公司简介"", ""主要财务指标"", ""公司治理"", ""重要事项"", ""股份变动"", ""财务报告""], ""image_ref_count"": 7, ""empty_cell_count"": 2268, ""fact_table_count"": 488, ""missing_sections"": [""管理层讨论与分析""], ""dimension_table_count"": 21, ""found_financial_tables"": [""主要会计数据"", ""主要财务指标"", ""非经常性损益"", ""资产负债表"", ""利润表"", ""现金流量表"", ""所有者权益变动表""], ""single_row_table_count"": 1}","{""fail"": 0, ""pass"": 28, ""total"": 36, ""skipped"": 7, ""warning"": 1}","{""images"": {""count"": 306, ""total_size_bytes"": 23713644}, ""pdf_pages"": {""total_size_bytes"": 0, ""rendered_page_count"": 0}}","{""stage"": null, ""status"": null, ""task_id"": ""d2a891e9-50e7-4887-ad6e-b0f9b79b403a"", ""filename"": ""中兴通讯：2025年年度报告.pdf"", ""created_at"": null, ""completed_at"": null, ""submit_config"": {}, ""mineru_task_id"": null, ""pdf_page_count"": null}",3f24a8874ae1d5ea6f87859ea8e5a14631dda7d6130427ea5f934e42011ab15c,14918548,2026-05-16 03:51:28.331353+00,2026-05-16 03:51:28.331353+00,co_094ec286c44238aef99b3c41,filing_e1ec00e169a125f15733e6f3,run_600bf25804f1018764f3c721
f0b7c568-feb1-4716-a09e-3199af7651fa,,舍得酒业：舍得酒业2025年年度报告.pdf,,,,,2026-05-09 06:18:57+00,,1,annual_report,2025,{},"{""pdf"": null, ""markdown"": {""url"": ""/api/artifact/f0b7c568-feb1-4716-a09e-3199af7651fa/result.md"", ""kind"": ""markdown"", ""path"": ""/home/maoyd/pdf2md_web/results/f0b7c568-feb1-4716-a09e-3199af7651fa/result.md"", ""mtime"": ""2026-05-09T00:25:18.654911+00:00"", ""exists"": true, ""size_bytes"": 828672}, ""complete_markdown"": {""url"": ""/api/artifact/f0b7c568-feb1-4716-a09e-3199af7651fa/result_complete.md"", ""kind"": ""markdown"", ""path"": ""/home/maoyd/pdf2md_web/results/f0b7c568-feb1-4716-a09e-3199af7651fa/result_complete.md"", ""mtime"": ""2026-05-09T06:18:57.071890+00:00"", ""exists"": true, ""size_bytes"": 863748}}",/home/maoyd/pdf2md_web_backup_20260511_000657测试样本/results/f0b7c568-feb1-4716-a09e-3199af7651fa,/home/maoyd/pdf2md_web/results/f0b7c568-feb1-4716-a09e-3199af7651fa/document_full.json,/home/maoyd/pdf2md_web/results/f0b7c568-feb1-4716-a09e-3199af7651fa/result.md,/home/maoyd/pdf2md_web/results/f0b7c568-feb1-4716-a09e-3199af7651fa/result_complete.md,461703,9769,pass,"{""warnings"": [""发现 30 张可疑表样本，建议在前端“优先复核表”中逐项打开可视化溯源。""], ""table_count"": 358, ""found_sections"": [""重要提示"", ""公司简介"", ""主要财务指标"", ""管理层讨论与分析"", ""公司治理"", ""重要事项"", ""股份变动"", ""财务报告""], ""image_ref_count"": 2, ""empty_cell_count"": 4645, ""fact_table_count"": 349, ""missing_sections"": [], ""dimension_table_count"": 9, ""found_financial_tables"": [""主要会计数据"", ""主要财务指标"", ""非经常性损益"", ""资产负债表"", ""利润表"", ""现金流量表"", ""所有者权益变动表""], ""single_row_table_count"": 2}","{""fail"": 0, ""pass"": 59, ""total"": 62, ""skipped"": 2, ""warning"": 1}","{""images"": {""count"": 285, ""total_size_bytes"": 29897152}, ""pdf_pages"": {""total_size_bytes"": 0, ""rendered_page_count"": 0}}","{""stage"": null, ""status"": null, ""task_id"": ""f0b7c568-feb1-4716-a09e-3199af7651fa"", ""filename"": ""舍得酒业：舍得酒业2025年年度报告.pdf"", ""created_at"": null, ""completed_at"": null, ""submit_config"": {}, ""mineru_task_id"": null, ""pdf_page_count"": null}",8af7ae49e30240b4e5f8a5b96f20754ef69691c7ccec139d29a955e6af9fd0e4,14063348,2026-05-16 03:51:35.16849+00,2026-05-16 03:51:35.16849+00,co_f908e0934f814264d6ca6e78,filing_143c34f484aa8cf62d09426b,run_d53ab591ea1db2c5281ec37a
f4dead73-e0de-42b4-b1b7-d8cf217214ee,,美的集团：2025年年度报告.pdf,,,,,2026-05-09 06:19:11+00,,1,annual_report,2025,{},"{""pdf"": null, ""markdown"": {""url"": ""/api/artifact/f4dead73-e0de-42b4-b1b7-d8cf217214ee/result.md"", ""kind"": ""markdown"", ""path"": ""/home/maoyd/pdf2md_web/results/f4dead73-e0de-42b4-b1b7-d8cf217214ee/result.md"", ""mtime"": ""2026-05-08T22:08:22.947093+00:00"", ""exists"": true, ""size_bytes"": 768391}, ""complete_markdown"": {""url"": ""/api/artifact/f4dead73-e0de-42b4-b1b7-d8cf217214ee/result_complete.md"", ""kind"": ""markdown"", ""path"": ""/home/maoyd/pdf2md_web/results/f4dead73-e0de-42b4-b1b7-d8cf217214ee/result_complete.md"", ""mtime"": ""2026-05-09T06:19:11.648918+00:00"", ""exists"": true, ""size_bytes"": 794691}}",/home/maoyd/pdf2md_web_backup_20260511_000657测试样本/results/f4dead73-e0de-42b4-b1b7-d8cf217214ee,/home/maoyd/pdf2md_web/results/f4dead73-e0de-42b4-b1b7-d8cf217214ee/document_full.json,/home/maoyd/pdf2md_web/results/f4dead73-e0de-42b4-b1b7-d8cf217214ee/result.md,/home/maoyd/pdf2md_web/results/f4dead73-e0de-42b4-b1b7-d8cf217214ee/result_complete.md,431217,5934,pass,"{""warnings"": [""发现 10 张可疑表样本，建议在前端“优先复核表”中逐项打开可视化溯源。""], ""table_count"": 272, ""found_sections"": [""重要提示"", ""公司简介"", ""主要财务指标"", ""管理层讨论与分析"", ""公司治理"", ""重要事项"", ""股份变动"", ""财务报告""], ""image_ref_count"": 2, ""empty_cell_count"": 1511, ""fact_table_count"": 260, ""missing_sections"": [], ""dimension_table_count"": 12, ""found_financial_tables"": [""主要会计数据"", ""主要财务指标"", ""非经常性损益"", ""资产负债表"", ""利润表"", ""现金流量表"", ""所有者权益变动表""], ""single_row_table_count"": 3}","{""fail"": 0, ""pass"": 41, ""total"": 61, ""skipped"": 20, ""warning"": 0}","{""images"": {""count"": 291, ""total_size_bytes"": 28773527}, ""pdf_pages"": {""total_size_bytes"": 0, ""rendered_page_count"": 0}}","{""stage"": null, ""status"": null, ""task_id"": ""f4dead73-e0de-42b4-b1b7-d8cf217214ee"", ""filename"": ""美的集团：2025年年度报告.pdf"", ""created_at"": null, ""completed_at"": null, ""submit_config"": {}, ""mineru_task_id"": null, ""pdf_page_count"": null}",eb008a1a4a0d0173ef1ada5c0c044d0d34dc5ecebdaba376db5eea727349805c,14779830,2026-05-16 03:51:36.772944+00,2026-05-16 03:51:36.772944+00,co_c32cb3a88c71a0c71ce44745,filing_eae69290434fa7da28108e80,run_f3c67d84d44d5b600691a9fc
fa891b66-f881-47cc-ad24-bfb8081d5ded,,光库科技：2025年年度报告.pdf,,,,,2026-05-09 06:19:28+00,,1,annual_report,2025,{},"{""pdf"": null, ""markdown"": {""url"": ""/api/artifact/fa891b66-f881-47cc-ad24-bfb8081d5ded/result.md"", ""kind"": ""markdown"", ""path"": ""/home/maoyd/pdf2md_web/results/fa891b66-f881-47cc-ad24-bfb8081d5ded/result.md"", ""mtime"": ""2026-05-08T16:29:42.152471+00:00"", ""exists"": true, ""size_bytes"": 620743}, ""complete_markdown"": {""url"": ""/api/artifact/fa891b66-f881-47cc-ad24-bfb8081d5ded/result_complete.md"", ""kind"": ""markdown"", ""path"": ""/home/maoyd/pdf2md_web/results/fa891b66-f881-47cc-ad24-bfb8081d5ded/result_complete.md"", ""mtime"": ""2026-05-09T06:19:28.481054+00:00"", ""exists"": true, ""size_bytes"": 653838}}",/home/maoyd/pdf2md_web_backup_20260511_000657测试样本/results/fa891b66-f881-47cc-ad24-bfb8081d5ded,/home/maoyd/pdf2md_web/results/fa891b66-f881-47cc-ad24-bfb8081d5ded/document_full.json,/home/maoyd/pdf2md_web/results/fa891b66-f881-47cc-ad24-bfb8081d5ded/result.md,/home/maoyd/pdf2md_web/results/fa891b66-f881-47cc-ad24-bfb8081d5ded/result_complete.md,358833,4676,pass,"{""warnings"": [""发现 23 张可疑表样本，建议在前端“优先复核表”中逐项打开可视化溯源。""], ""table_count"": 259, ""found_sections"": [""重要提示"", ""公司简介"", ""主要财务指标"", ""管理层讨论与分析"", ""公司治理"", ""重要事项"", ""股份变动"", ""财务报告""], ""image_ref_count"": 1, ""empty_cell_count"": 4459, ""fact_table_count"": 239, ""missing_sections"": [], ""dimension_table_count"": 20, ""found_financial_tables"": [""主要会计数据"", ""主要财务指标"", ""非经常性损益"", ""资产负债表"", ""利润表"", ""现金流量表"", ""所有者权益变动表""], ""single_row_table_count"": 4}","{""fail"": 0, ""pass"": 58, ""total"": 63, ""skipped"": 3, ""warning"": 2}","{""images"": {""count"": 341, ""total_size_bytes"": 31192295}, ""pdf_pages"": {""total_size_bytes"": 0, ""rendered_page_count"": 0}}","{""stage"": null, ""status"": null, ""task_id"": ""fa891b66-f881-47cc-ad24-bfb8081d5ded"", ""filename"": ""光库科技：2025年年度报告.pdf"", ""created_at"": null, ""completed_at"": null, ""submit_config"": {}, ""mineru_task_id"": null, ""pdf_page_count"": null}",7fb0e351d4de6cf89837a55a7b3804513e4c53380f0c7a8ec842d99b0288e1f0,11677467,2026-05-16 03:51:38.634879+00,2026-05-16 03:51:38.634879+00,co_ee10b9eaddd781454df3c9c1,filing_ff3b827dd982c14ad17cf4bf,run_4c2adef8968fb8735f376274
feee329b-01dc-499e-8863-749b9e2e5d6e,,华数传媒：2025年年度报告.pdf,,,,,2026-05-09 06:19:42+00,,1,annual_report,2025,{},"{""pdf"": null, ""markdown"": {""url"": ""/api/artifact/feee329b-01dc-499e-8863-749b9e2e5d6e/result.md"", ""kind"": ""markdown"", ""path"": ""/home/maoyd/pdf2md_web/results/feee329b-01dc-499e-8863-749b9e2e5d6e/result.md"", ""mtime"": ""2026-05-08T19:29:02.379248+00:00"", ""exists"": true, ""size_bytes"": 642714}, ""complete_markdown"": {""url"": ""/api/artifact/feee329b-01dc-499e-8863-749b9e2e5d6e/result_complete.md"", ""kind"": ""markdown"", ""path"": ""/home/maoyd/pdf2md_web/results/feee329b-01dc-499e-8863-749b9e2e5d6e/result_complete.md"", ""mtime"": ""2026-05-09T06:19:42.837784+00:00"", ""exists"": true, ""size_bytes"": 669066}}",/home/maoyd/pdf2md_web_backup_20260511_000657测试样本/results/feee329b-01dc-499e-8863-749b9e2e5d6e,/home/maoyd/pdf2md_web/results/feee329b-01dc-499e-8863-749b9e2e5d6e/document_full.json,/home/maoyd/pdf2md_web/results/feee329b-01dc-499e-8863-749b9e2e5d6e/result.md,/home/maoyd/pdf2md_web/results/feee329b-01dc-499e-8863-749b9e2e5d6e/result_complete.md,399910,3881,pass,"{""warnings"": [""发现 30 张可疑表样本，建议在前端“优先复核表”中逐项打开可视化溯源。""], ""table_count"": 263, ""found_sections"": [""重要提示"", ""公司简介"", ""主要财务指标"", ""管理层讨论与分析"", ""公司治理"", ""重要事项"", ""股份变动"", ""财务报告""], ""image_ref_count"": 2, ""empty_cell_count"": 5303, ""fact_table_count"": 252, ""missing_sections"": [], ""dimension_table_count"": 11, ""found_financial_tables"": [""主要会计数据"", ""主要财务指标"", ""非经常性损益"", ""资产负债表"", ""利润表"", ""现金流量表"", ""所有者权益变动表""], ""single_row_table_count"": 2}","{""fail"": 0, ""pass"": 53, ""total"": 61, ""skipped"": 8, ""warning"": 0}","{""images"": {""count"": 321, ""total_size_bytes"": 35889710}, ""pdf_pages"": {""total_size_bytes"": 0, ""rendered_page_count"": 0}}","{""stage"": null, ""status"": null, ""task_id"": ""feee329b-01dc-499e-8863-749b9e2e5d6e"", ""filename"": ""华数传媒：2025年年度报告.pdf"", ""created_at"": null, ""completed_at"": null, ""submit_config"": {}, ""mineru_task_id"": null, ""pdf_page_count"": null}",f0f235b425a3f622ec6b5689d6ef3f37bb9e132fdfd032c934e553dce1ec4097,10874085,2026-05-16 03:51:40.808227+00,2026-05-16 03:51:40.808227+00,co_a656c6ab636691ac88d4b194,filing_3c67eb7c3e77f1c7095c5f1a,run_c15c6a8e47445cce51075040
